column,count,mean,std,min,p01,p05,p25,median,p75,p95,p99,max,skewness,kurtosis,zero_count,negative_count,iqr_outlier_count
recruitment_n_num,2745,19.018943533697634,20.55314712532347,1.0,1.0,2.0,8.0,14.0,23.0,50.0,99.55999999999995,315.0,4.7302850634949944,39.41707732815633,0,0,157
competition_rate_num,3095,7.584558966074313,8.662391525823994,0.0,1.7046000000000001,2.8,4.025,5.17,7.2,21.269999999999918,52.11999999999989,163.2,5.501804547884428,50.90523548877868,1,0,351
additional_admit_last_rank_num,2933,19.473576542788955,47.60925971454367,0.0,0.0,0.0,4.0,9.0,21.0,63.0,146.35999999999967,1571.0,17.18946513977712,455.64349754866663,215,0,238
univ_score_70cut_num,2807,513.7437675810473,313.73545268810085,0.0,3.0,11.0,182.265,642.6889,783.0,909.641,965.88,990.85,-0.33701927624331174,-1.3238666501351057,7,0,0
univ_score_max_num,2732,765.4352489019033,297.79297904866957,60.0,100.0,167.32500000000036,531.5,1000.0,1000.0,1000.0,1010.0,1010.0,-0.8860877129820998,-0.602878694635121,0,0,0
percentile_70cut_num,2703,101.91171217166112,111.33105216746607,0.0,9.0,58.5,73.67,81.83,90.33,233.91799999999998,686.4198,1000.0,5.4343133215688315,31.071401554337537,7,0,286
univ_score_ratio_pct,2597,65.13546671761942,27.335680489366734,0.0,0.3174149724642511,1.4285941046683281,63.224999999999994,69.5,83.9273,92.27278741865508,96.61044000000001,99.08500000000001,-1.4339137271389246,0.9293292855913817,7,0,380
