target,non_null,missing,min,mean,median,max
a_rate_pct,10242,0,0.0,41.72642517089844,39.79154968261719,100.0
health_employment_rate_pct,7477,2765,0.0,52.6756706237793,52.94117736816406,100.0
graduate_school_progression_rate_pct,7587,2655,0.0,8.062090873718262,2.3809523582458496,100.0
