univ_name_std,a_rate_residual_pctp
서경대학교,-10.676353189641503
성신여자대학교,-10.479461632340673
세종대학교,-9.189485284953165
서강대학교,-8.716749869964659
홍익대학교,-8.140950353527302
