topic_id,file_name,measure_type,count,mean,std,min,25%,50%,75%,max
GOMS_001,GOMS_001_성별_경제활동_상태_freq_share.xls,frequency,156.0,165244.69871794872,148835.6856131217,12265.0,37141.0,135216.5,247253.25,520547.0
GOMS_001,GOMS_001_성별_경제활동_상태_freq_share.xls,share,156.0,66.63333333333333,23.82398718920487,41.7,49.0,51.6,100.0,100.0
