topic_id,file_name,measure_type,count,mean,std,min,25%,50%,75%,max
GOMS_018,GOMS_018_취업자의_전공별_사업체_유형_freq_share.xls,frequency,1040.0,18630.64230769231,52739.95154503834,0.0,556.0,2068.5,11105.5,391086.0
GOMS_018,GOMS_018_취업자의_전공별_사업체_유형_freq_share.xls,share,1040.0,19.95740384615385,33.31040444461888,0.0,1.0,3.9,10.0,100.0
