topic_id,file_name,measure_type,count,mean,std,min,25%,50%,75%,max
GOMS_016,GOMS_016_취업자의_성별_사업체_유형_freq_share.xls,frequency,390.0,49682.51282051282,89750.45844632231,0.0,2923.25,9654.5,26625.75,391086.0
GOMS_016,GOMS_016_취업자의_성별_사업체_유형_freq_share.xls,share,390.0,19.954871794871792,33.35549448283323,0.0,1.3,4.25,9.8,100.0
