topic_id,file_name,measure_type,count,mean,std,min,25%,50%,75%,max
GOMS_010,GOMS_010_취업자의_학교유형별_직업_분포2017_freq_share.xls,frequency,132.0,32178.46212121212,64364.20168293084,0.0,700.25,12178.5,27735.5,375185.0
GOMS_010,GOMS_010_취업자의_학교유형별_직업_분포2017_freq_share.xls,share,132.0,18.147727272727273,30.392203364179306,0.0,0.3,7.45,14.950000000000001,100.0
