topic_id,file_name,measure_type,count,mean,std,min,25%,50%,75%,max
GOMS_003,GOMS_003_전공계열별_경제활동_상태_freq_share.xls,frequency,416.0,61966.480769230766,103918.97908204762,585.0,8945.25,30691.0,56092.25,520547.0
GOMS_003,GOMS_003_전공계열별_경제활동_상태_freq_share.xls,share,416.0,24.955288461538466,29.4068014575673,1.7,8.9,12.55,25.924999999999997,100.0
