topic_id,file_name,measure_type,count,mean,std,min,25%,50%,75%,max
GOMS_013,GOMS_013_취업자의_성별_사업체_규모_freq_share.xls,frequency,390.0,48305.338461538464,71563.18028869091,6508.0,17890.5,24219.0,42326.25,391857.0
GOMS_013,GOMS_013_취업자의_성별_사업체_규모_freq_share.xls,share,390.0,19.955384615384613,27.04561526609468,3.6,8.6,11.4,14.6,100.0
