topic_id,file_name,measure_type,count,mean,std,min,25%,50%,75%,max
GOMS_004,GOMS_004_취업자의_성별_산업_분포_freq_share.xls,frequency,858.0,22563.227272727272,54655.51557480349,0.0,1470.5,7553.0,16488.25,392483.0
GOMS_004,GOMS_004_취업자의_성별_산업_분포_freq_share.xls,share,858.0,9.047668997668998,20.57399147585456,0.0,0.6,3.3,7.5,100.0
