topic_id,file_name,measure_type,count,mean,std,min,25%,50%,75%,max
GOMS_014,GOMS_014_취업자의_학교유형별_사업체_규모_freq_share.xls,frequency,520.0,36228.90576923077,65798.08453871684,0.0,4677.25,19393.5,35923.5,391857.0
GOMS_014,GOMS_014_취업자의_학교유형별_사업체_규모_freq_share.xls,share,520.0,19.956923076923076,27.933381907871933,0.0,5.6,11.0,17.4,100.0
