topic_id,file_name,measure_type,count,mean,std,min,25%,50%,75%,max
GOMS_017,GOMS_017_취업자의_학교유형별_사업체_유형_freq_share.xls,frequency,520.0,37261.838461538464,81072.85820927052,0.0,302.0,4800.5,18914.25,391086.0
GOMS_017,GOMS_017_취업자의_학교유형별_사업체_유형_freq_share.xls,share,520.0,19.962115384615384,34.903562810482164,0.0,0.5,3.1500000000000004,8.7,100.0
