topic_id,file_name,measure_type,count,mean,std,min,25%,50%,75%,max
GOMS_020,GOMS_020_취업자의_학교유형별_종사상_지위_freq_share.xls,frequency,364.0,52747.596153846156,97889.72712980256,0.0,728.0,4282.5,38620.0,389213.0
GOMS_020,GOMS_020_취업자의_학교유형별_종사상_지위_freq_share.xls,share,364.0,28.535989010989017,40.545498659575,0.0,0.5,2.6,78.92500000000001,100.0
