topic_id,file_name,measure_type,count,mean,std,min,25%,50%,75%,max
GOMS_007,GOMS_007_취업자의_성별_직업_분포2016_freq_share.xls,frequency,750.0,20158.348,52969.88287662005,62.0,1659.75,4727.0,14686.5,392483.0
GOMS_007,GOMS_007_취업자의_성별_직업_분포2016_freq_share.xls,share,750.0,7.951466666666668,19.67232756466057,0.0,0.6,2.2,5.6,100.0
