topic_id,file_name,measure_type,count,mean,std,min,25%,50%,75%,max
GOMS_012,GOMS_012_취업자의_전공별_직업_분포2017_freq_share.xls,frequency,264.0,16088.94696969697,41924.46925766743,0.0,645.75,2461.5,15105.75,375185.0
GOMS_012,GOMS_012_취업자의_전공별_직업_분포2017_freq_share.xls,share,264.0,18.139015151515153,29.969938559785806,0.0,1.4,5.65,15.125,100.0
