branch,outcome,estimable_cells,positive_cells,negative_cells,median_ame,min_ame,max_ame
SELECTIVITY,GRAD_SCHOOL_PROGRESSION,7,5,2,0.005279708007455756,-0.007038521608129515,0.019991575942261818
SELECTIVITY,HEALTH_EMPLOYMENT,7,5,2,0.008880068094780603,-0.011802535180515859,0.024782994986794465
STRUCTURE,GRAD_SCHOOL_PROGRESSION,7,7,0,0.011690291773049801,0.003801081860533882,0.04569829145877204
STRUCTURE,HEALTH_EMPLOYMENT,7,4,3,0.007144458729515359,-0.005656646888103524,0.020456479593155625
