branch,outcome,estimable_cells,positive_cells,negative_cells,median_ame,min_ame,max_ame
SELECTIVITY,GRAD_SCHOOL_PROGRESSION,7,5,2,0.005279708007455691,-0.007038521608133764,0.019991575942261183
SELECTIVITY,HEALTH_EMPLOYMENT,7,5,2,0.008880068094780643,-0.011802535180515777,0.02478299498679456
STRUCTURE,GRAD_SCHOOL_PROGRESSION,7,7,0,0.01169029177304857,0.0038010818605340203,0.04569829145877121
STRUCTURE,HEALTH_EMPLOYMENT,7,4,3,0.00714445872951518,-0.005656646888103518,0.020456479593155594
