major_group_7,grade_residual_structure_full_oof_pp
ART,0.3930855699440153
EDU,-0.2842558034061897
ENG,-0.2573239373967173
HUM,-0.32101446843023945
MED,-0.29463533001953746
NAT,-0.41059905023863663
SOC,0.0837328473238606
