major_group_7,grade_residual_structure_nopolicy_oof_pp
ART,0.4197246336099491
EDU,-0.2982777054714868
ENG,-0.3048623000543211
HUM,-0.40003539152462864
MED,-0.36155693712273124
NAT,-0.5022183625398473
SOC,0.06891446092367506
