x,y,n,linear_slope,linear_intercept,pearson_r,linear_p,spearman_rho,spearman_p
rank_2024_raw,a_rate_pct,47,-0.25684881880068694,50.24365335389327,-0.46995019208013417,0.0008593179348455286,-0.4459990749306198,0.001677896422918233
prestige_score,a_rate_pct,47,13.099289758835035,36.88751477625755,0.46995019208013417,0.0008593179348455286,0.4459990749306198,0.001677896422918233
df_rate_pct,a_rate_pct,47,-2.165247209564648,53.14245667659823,-0.34484411162096057,0.017606352660429536,-0.3322155411655874,0.02252182208444161
official_employment_rate_pct,a_rate_pct,47,0.409427703820706,17.67178016978149,0.20484713682779623,0.16720429854030497,0.2057123034227567,0.16537943617394393
overall_advancement_rate_pct,a_rate_pct,47,0.8709025496123721,33.73244828382647,0.5845966604514657,1.597682554968397e-05,0.4005550416281221,0.00527099086494611
a_rate_residual_pctp,official_employment_rate_pct,47,-0.021171867031780242,63.99136229905431,-0.037352195651387754,0.8031556279838101,-0.03943108233117484,0.7924357754834225
