component,explained_variance_ratio,cumulative_explained_variance_ratio
PC1,0.35463729639399977,0.35463729639399977
PC2,0.22716118299776955,0.5817984793917693
PC3,0.15396699464262262,0.735765474034392
