rank_quartile,universities,a_rate_mean_pct,a_rate_median_pct,a_rate_min_pct,a_rate_max_pct
상위 25%,12,50.67017329950082,48.441558114954454,39.89961351202128,63.30961253255898
상위 25~50%,12,41.76442972790308,40.698456926456075,33.599820070336136,53.63359512742427
하위 50~75%,11,42.62725442219364,43.4654848499446,37.049457994579946,54.32277088416231
하위 25%,12,40.32091249486718,38.618018815121516,28.265952137021564,53.28327701141161
