hypothesis,metric,estimate,ci_low,ci_high,p_value,n,interpretation
H1,"Spearman(rank_2024_raw, a_rate_pct)",-0.4459990749306198,-0.6755522849039443,-0.14409154918561412,0.001677896422918233,47,순위 숫자가 커질수록 A비율이 낮아지는 방향이면 음수
H1,"Kendall tau-b(rank_2024_raw, a_rate_pct)",-0.3283996299722479,-0.5169188892041424,-0.1087933494317751,0.001131885226002171,47,순위 숫자가 커질수록 A비율이 낮아지는 방향이면 음수
H1,OLS HC3 beta: prestige_score -> a_rate_pct,13.099289758835035,4.620285021135194,21.578294496534873,0.0024620596984358746,47,상위도 점수가 1 증가할 때 A비율 변화(%p). 방향이 맞으면 양수
