grade_signal,beta,odds_ratio_10pp,ame_10pp,base_deviance,signal_deviance,iv_deviance,base_brier,signal_brier,iv_brier,base_mae,signal_mae,iv_mae,converged,outcome,test_n,test_school_n
RAW_A,0.025552702897488185,1.0258819717981216,0.006109951082134928,1.360278841105731,1.3620971460407574,-0.001818304935026438,0.026792876681782,0.027229879022283448,-0.0004370023405014488,0.1256223583181269,0.12597049584887748,-0.00034813753075058074,True,HEALTH_EMPLOYMENT,649,27
OOF_RESIDUAL_FULL,0.02555270211243272,1.0258819709927474,0.006109950883881032,1.360278841105731,1.3620971459887217,-0.001818304882990729,0.026792876681782,0.02722987900901016,-0.00043700232722816007,0.1256223583181269,0.12597049584496608,-0.00034813752683918175,True,HEALTH_EMPLOYMENT,649,27
RAW_A,0.2286804609278704,1.2569403332850997,0.019161418106052767,0.5710447674302281,0.5669427503624035,0.004102017067824648,0.02803518268410719,0.027117992315462795,0.0009171903686443945,0.1032057090034658,0.10134629241622879,0.0018594165872370116,True,GRAD_SCHOOL_PROGRESSION,661,29
OOF_RESIDUAL_FULL,0.228680463600767,1.2569403366447711,0.019161418238067152,0.5710447674302281,0.566942751571685,0.004102015858543084,0.02803518268410719,0.027117992536006465,0.0009171901481007244,0.1032057090034658,0.10134629264797554,0.0018594163554902648,True,GRAD_SCHOOL_PROGRESSION,661,29
