grade_signal,estimand,median,ci_2_5,ci_97_5,successful_n,positive_probability
OOF_RESIDUAL_FULL,combined_AME,0.014146328080707236,0.008587873560880237,0.019188046530920957,250,1.0
RAW_A,combined_AME,0.014652559308374813,0.00902327467575582,0.019981083019541195,250,1.0
