part,grade_signal,signal_column,N,school_n,beta,cluster_se,ci_low,ci_high,p_value,OR_10pp,AME_10pp
PART1_POSITIVE,RAW_A,a_rate_10pp,5013,165,0.18055916619361193,0.0470654873972414,0.08831250598019497,0.2728058264070289,0.0001248819843765257,1.1978869937976435,0.03153765182692524
PART2_POSITIVE_RATE,RAW_A,a_rate_10pp,2976,155,0.16729395975319739,0.027110648314457097,0.11415806545932995,0.22042985404706483,6.795212292184562e-10,1.1821017045646087,0.019951384837029
PART1_POSITIVE,OOF_RESIDUAL_FULL,grade_residual_structure_full_oof_10pp,5013,165,0.1752607146071004,0.04589478204123548,0.0853085947279632,0.2652128344862376,0.00013412942292195316,1.191556832390958,0.030613946510662144
PART2_POSITIVE_RATE,OOF_RESIDUAL_FULL,grade_residual_structure_full_oof_10pp,2976,155,0.1608587532812707,0.025515028308835723,0.11085021673143275,0.21086728983110864,2.89180061554283e-10,1.1745190601337903,0.01914613488618128
