outcome,grade_signal,metric,successful_n,ci_low,ci_high,median
GRAD_SCHOOL_PROGRESSION,OOF_RESIDUAL_FULL,ame,500,0.010073477695514838,0.024456642526502006,0.016739583164168466
GRAD_SCHOOL_PROGRESSION,RAW_A,ame,500,0.010073477530830785,0.02445664263159915,0.016739583132024453
HEALTH_EMPLOYMENT,OOF_RESIDUAL_FULL,ame,500,-0.0004308130490279402,0.011780276195115822,0.005860026494727783
HEALTH_EMPLOYMENT,RAW_A,ame,500,-0.0004308129957960379,0.01178027602781727,0.005860026955127691
PROGRESSION_MINUS_EMPLOYMENT,OOF_RESIDUAL_FULL,D,500,0.0029158254908511418,0.018298119594515667,0.010658260341053532
PROGRESSION_MINUS_EMPLOYMENT,RAW_A,D,500,0.002915824960241821,0.018298119239948313,0.010658259646542254
