grade_signal,GRAD_SCHOOL_PROGRESSION,HEALTH_EMPLOYMENT,D_progression_minus_employment
OOF_RESIDUAL_FULL,0.016577262111450122,0.0063572157249120135,0.010220046386538109
OOF_RESIDUAL_NOPOLICY,0.016645201407840357,0.006200008849590001,0.010445192558250356
RAW_A,0.017259857642844757,0.006163000979968203,0.011096856662876554
