branch,from_model,to_model,block_added,delta_r2_dev,delta_cv_mae,delta_cv_r2,status
P2-S,P2-S0,P2-S1,S0,0.08842038670424657,0.15405387547909122,0.030859607332356376,READY
P2-S,P2-S1,P2-S2,B_CORE,0.015735306871598076,0.05788828570053717,0.012186839630459523,READY
P2-S,P2-S2,P2-S3,B_SCALE,0.022177464909382882,0.19027812400973865,0.028122165451353598,READY
P2-S,P2-S3,P2-S4,Policy,0.00011298162739037387,-0.09736675841190134,-0.013530520808873403,READY
P2-Q,P2-Q2,P2-Q3,selectivity_proxy,,,,READY
P2-Q,P2-Q3,P2-Q4,competition_ratio,,,,READY
