model_id,branch,test_n,test_mae,test_rmse,test_r2,test_usage
P2-S0,P2-S,890,10.019602785910129,13.65044083627659,-0.0023450835569325257,locked_once_after_spec_definition
P2-S1,P2-S,890,10.309272573565941,14.174187986875133,-0.0807376645544926,locked_once_after_spec_definition
P2-S2,P2-S,890,10.36365261862912,14.258990858771389,-0.09370825921158499,locked_once_after_spec_definition
P2-S3,P2-S,890,10.426698965945413,14.08545923484066,-0.06724943278642548,locked_once_after_spec_definition
P2-S4,P2-S,890,10.432356651587114,14.082240783761726,-0.06676176708745185,locked_once_after_spec_definition
