residual_group,universities,residual_mean,official_emp_mean,health_emp_mean,advancement_mean,graduate_school_mean
예상보다 A 낮음,12,-9.35717329058825,63.37897390211021,54.484873068401185,10.491124014567136,10.298188855443803
중간,11,-1.527384604073877,64.04674190373784,56.66345287331292,11.00185677871542,10.804727962105192
예상보다 A 높음,12,8.523307747661898,65.24051250164639,56.97220072850677,14.560282280059928,14.352654581996001
