selectivity_quartile,n,univ_n,selectivity_mean,a_rate_mean,a_rate_median,residual_mean,grade_total_n
Q1 낮음,298,16,67.66024201439868,43.70855862789069,41.962358476201594,1.3011975317494433,283994
Q2,296,22,78.00857523177166,43.31700927615102,42.19036791199125,-1.3567907785628004,330023
Q3,296,27,84.9298694634121,43.446430127591654,42.508372690334724,-2.207114214102176,438720
Q4 높음,296,24,92.88604020442637,49.145491686431605,47.16515072675608,2.2539155857011957,457564
