model_label,test_n,test_mae,test_rmse,test_r2,test_calibration_intercept,test_calibration_slope
FULL,890,10.432356651587114,14.082240783761726,-0.06676176708745185,25.08200739435661,0.3777680244956546
NOPOLICY,890,10.426698965945413,14.08545923484066,-0.06724943278642548,25.14324187688244,0.3763134382314064
