year,major,전체,취업자,실업자,비경활,employment_rate_pct,unemployment_rate_labor_force_pct,inactive_rate_pct,economic_activity_rate_pct,monthly_income_10k_krw,weekly_hours,firm_300plus_share_pct,firm_1000plus_share_pct,regular_employee_share_pct,temporary_daily_share_pct,private_company_share_pct,public_education_research_share_pct,manufacturing_share_pct,professional_science_tech_share_pct,education_service_share_pct,health_welfare_share_pct,information_communication_share_pct,research_engineering_job_share_pct,business_finance_job_share_pct,health_medical_job_share_pct,education_law_social_public_job_share_pct,arts_design_sports_job_share_pct
2019,공학,122403.0,82840.0,13905.0,25657.0,67.67807978562617,14.372835805467982,20.961087555043587,79.03809547151623,260.6,43.7,30.0,18.6,84.8,12.899999999999999,74.0,20.400000000000002,29.7,14.1,6.5,0.8,13.9,49.3,18.0,1.1,4.5,1.6
2019,교육,30044.0,19294.0,2010.0,8739.0,64.21914525362801,9.43484791588434,29.08733857009719,70.9093329782985,221.8,39.6,4.7,2.1,80.8,17.5,24.3,68.8,1.4,0.9,60.4,22.0,1.8,0.5,10.7,1.3,79.4,2.4
2019,사회,127377.0,82771.0,16105.0,28500.0,64.9811190403291,16.288077996682716,22.374526013330506,77.6246889155813,234.6,41.9,22.700000000000003,12.8,78.5,17.8,61.0,24.1,10.4,8.5,7.1,12.1,5.2,3.4,55.1,1.7,15.4,2.7
2019,예체능,59795.0,39313.0,6452.0,14029.0,65.74629985784765,14.098109909319348,23.461827912032778,76.53649970733339,192.7,37.6,9.4,4.2,63.1,28.1,76.2,12.6,9.8,8.5,16.1,3.1,11.4,3.0,20.5,1.9,9.6,36.2
2019,의약,54858.0,44530.0,3009.0,7318.0,81.17321083524736,6.3295399566671575,13.339895730795872,86.65828138102009,271.8,44.8,37.2,22.1,89.7,9.5,50.9,16.8,3.7,1.6,2.3,80.2,0.5,3.9,4.9,84.2,1.4,0.7
2019,인문,42323.0,24688.0,5202.0,12431.0,58.33234884105569,17.403813984610235,29.371736408099615,70.6235380289677,269.8,39.9,23.7,12.5,71.6,24.7,61.0,25.900000000000002,8.4,6.2,15.2,3.9,9.5,4.1,51.7,0.5,12.4,6.8
2019,자연,50108.0,31029.0,5654.0,13425.0,61.9242436337511,15.41313414933348,26.79212900135707,73.20787099864293,225.2,42.5,19.9,10.5,73.8,21.7,63.1,26.9,19.7,12.5,14.4,3.0,3.4,29.6,26.2,5.9,6.2,2.1
