target_group,target,split,non_null_n,school_n,major_n,mean,std,min,p01,p05,p25,p50,p75,p95,p99,max,skewness,kurtosis,zero_ratio,hundred_ratio,unique_n,within_school_var,between_school_var,icc_approx
progression,graduate_school_progression_rate_pct,train,5566,138,7,7.979428768157959,12.84231948852539,0.0,0.0,0.0,0.0,2.3809523582458496,10.714285850524902,35.1804313659668,56.603995513916104,100.0,2.5402896404266357,8.424614906311035,0.43837585339561624,0.0008983111749910168,792,109.33934020996094,276.49932861328125,0.7166190196969326
progression,graduate_school_progression_rate_pct,validation,1147,30,7,9.240663528442383,14.563077926635742,0.0,0.0,0.0,0.0,2.941176414489746,12.799145221710205,39.355715560913104,66.66666412353516,100.0,2.5466392040252686,8.312554359436035,0.4115082824760244,0.0026155187445510027,337,192.947509765625,165.67636108398438,0.46197806267464425
progression,progression_rate_pct,train,5566,138,7,8.272462844848633,12.913000106811523,0.0,0.0,0.0,0.0,2.963125467300415,11.11111068725586,35.71428680419922,56.93181686401379,100.0,2.5065712928771973,8.229738235473633,0.4094502335609055,0.0008983111749910168,809,110.67138671875,275.6279602050781,0.7135087397893722
progression,progression_rate_pct,validation,1147,30,7,9.59257984161377,14.631012916564941,0.0,0.0,0.0,0.0,3.5714285373687744,13.043478012084961,39.355715560913104,66.66666412353516,100.0,2.512296199798584,8.089893341064453,0.3714036617262424,0.0026155187445510027,345,194.426513671875,171.30194091796875,0.4683855980253985
